<?xml version="1.0"?>
<doc>
    <assembly>
        <name>BooksServiceSample</name>
    </assembly>
    <members>
        <member name="M:BooksServiceSample.Controllers.BookChaptersController.PostBookChapterAsync(BooksServiceSample.Models.BookChapter)">
            <summary>
            Creates a BookChapter
            </summary>
            <remarks>
            Sample request:
                POST api/bookchapters
                {
                  Number: 42,
                  Title: "Sample Title",
                  Pages: 98
                }
            </remarks>
            <param name="chapter"></param>
            <returns>A newly created book chapter</returns>
            <response code="201">Returns the newly created book chapter</response>
            <response code="400">If the chapter is null</response>
        </member>
    </members>
</doc>
